Website,Emails
https://investkarnataka.co.in/key-industrie/textile-and-apparel/,None
https://en.wikipedia.org/wiki/Clothing_in_India,None
https://www.gokaldasexports.com/,None
https://www.kalkifashion.com/india/kalki-fashion-designer-clothing-store-bangalore?srsltid=AfmBOor1kY3bC2AzdNI_Fk-C75_RXbSvkpdqJXWnKxaJWfikyMP6wJXa,"info@kalkifashion.com, info@kalkifashion.com, info@kalkifashion.com"
https://www.shahi.co.in/,"Asset-3@300x-2.png, Artboard-30@2x-x.png, Artboard-65@2x-x.png, Artboard-80@2x-x.png, Artboard-70@2x-x.png"
https://www.perniaspopupshop.com/encyclopedia/karnataka?srsltid=AfmBOor2Sc-BcoXh5VJ8RJviF8Q4AVYhOuTLvzmaxCMkW8jvLtFo_ka7,"customercare@perniaspopupshop.com, customercare@perniaspopupshop.com, customercare@perniaspopupshop.com, customercare@perniaspopupshop.com, customercare@perniaspopupshop.com, fadce6e45503319e998d315f4f54275c@o239138.ingest.us.sentry.io"
https://in.kompass.com/a/clothing-and-footwear/13/r/karnataka/in_inka/,None
https://www.linkedin.com/pulse/indias-apparel-manufacturing-hubs-specialties-ankit-jaiswal-wau8c,None
https://www.vice.com/en/article/garment-workers-karnataka-india-wage-theft/,"vice-logo_white@2x.png, vice-logo_white@2x.png, vice-logo_white@2x.png"
https://www.f6s.com/companies/apparel/india/karnataka/no,"support@f6s.com, support@f6s.com"
